ano (uid);ano (nome);local (uid);local (nome);indicador (uid);indicador (nome);categoria (uid);categoria (nome);estatistica (uid);estatistica (nome);lococor (uid);lococor (nome);atestante (uid);atestante (nome);grupoetario (uid);grupoetario (nome);racacor (uid);racacor (nome);sexo (uid);sexo (nome);abrangencia (uid);abrangencia (nome);localidade (uid);localidade (nome);Janeiro;Fevereiro;Março;Abril;Maio;Junho;Julho;Agosto;Setembro;Outubro;Novembro;Dezembro;Ano
2016;2016;1;Óbitos por residência;212559;(X60-X84) Lesões autoprovocadas intencionalmente;1;Notificação de óbitos;1;Número de óbitos;0;Todos;0;Todos;2000;Todos;0;Todos;0;Todos;1;País;76;Brasil;941;926;929;919;927;879;925;910;962;1.047;1.016;1.052;11433
2016;2016;1;Óbitos por residência;212559;(X60-X84) Lesões autoprovocadas intencionalmente;1;Notificação de óbitos;1;Número de óbitos;0;Todos;0;Todos;2000;Todos;0;Todos;0;Todos;2;Região;1;Norte;68;59;75;59;72;72;65;60;71;62;87;76;826
2016;2016;1;Óbitos por residência;212559;(X60-X84) Lesões autoprovocadas intencionalmente;1;Notificação de óbitos;1;Número de óbitos;0;Todos;0;Todos;2000;Todos;0;Todos;0;Todos;3;Unidade da federação;11;Rondônia;9;12;11;5;8;7;8;10;8;8;9;8;103
2016;2016;1;Óbitos por residência;212559;(X60-X84) Lesões autoprovocadas intencionalmente;1;Notificação de óbitos;1;Número de óbitos;0;Todos;0;Todos;2000;Todos;0;Todos;0;Todos;3;Unidade da federação;12;Acre;3;2;9;10;4;6;5;1;3;3;8;2;56
2016;2016;1;Óbitos por residência;212559;(X60-X84) Lesões autoprovocadas intencionalmente;1;Notificação de óbitos;1;Número de óbitos;0;Todos;0;Todos;2000;Todos;0;Todos;0;Todos;3;Unidade da federação;13;Amazonas;10;16;16;20;15;22;14;13;17;11;18;22;194
2016;2016;1;Óbitos por residência;212559;(X60-X84) Lesões autoprovocadas intencionalmente;1;Notificação de óbitos;1;Número de óbitos;0;Todos;0;Todos;2000;Todos;0;Todos;0;Todos;3;Unidade da federação;14;Roraima;10;4;4;2;5;3;5;3;8;6;4;5;59
2016;2016;1;Óbitos por residência;212559;(X60-X84) Lesões autoprovocadas intencionalmente;1;Notificação de óbitos;1;Número de óbitos;0;Todos;0;Todos;2000;Todos;0;Todos;0;Todos;3;Unidade da federação;15;Pará;25;19;25;15;23;21;21;25;26;21;32;24;277
2016;2016;1;Óbitos por residência;212559;(X60-X84) Lesões autoprovocadas intencionalmente;1;Notificação de óbitos;1;Número de óbitos;0;Todos;0;Todos;2000;Todos;0;Todos;0;Todos;3;Unidade da federação;16;Amapá;2;2;4;1;9;2;2;2;3;4;2;3;36
2016;2016;1;Óbitos por residência;212559;(X60-X84) Lesões autoprovocadas intencionalmente;1;Notificação de óbitos;1;Número de óbitos;0;Todos;0;Todos;2000;Todos;0;Todos;0;Todos;3;Unidade da federação;17;Tocantins;9;4;6;6;8;11;10;6;6;9;14;12;101
2016;2016;1;Óbitos por residência;212559;(X60-X84) Lesões autoprovocadas intencionalmente;1;Notificação de óbitos;1;Número de óbitos;0;Todos;0;Todos;2000;Todos;0;Todos;0;Todos;2;Região;2;Nordeste;196;214;211;226;220;247;235;210;225;262;233;243;2722
2016;2016;1;Óbitos por residência;212559;(X60-X84) Lesões autoprovocadas intencionalmente;1;Notificação de óbitos;1;Número de óbitos;0;Todos;0;Todos;2000;Todos;0;Todos;0;Todos;3;Unidade da federação;21;Maranhão;18;20;23;26;33;23;27;19;21;29;26;29;294
2016;2016;1;Óbitos por residência;212559;(X60-X84) Lesões autoprovocadas intencionalmente;1;Notificação de óbitos;1;Número de óbitos;0;Todos;0;Todos;2000;Todos;0;Todos;0;Todos;3;Unidade da federação;22;Piauí;19;28;21;30;25;34;22;32;27;36;23;24;321
2016;2016;1;Óbitos por residência;212559;(X60-X84) Lesões autoprovocadas intencionalmente;1;Notificação de óbitos;1;Número de óbitos;0;Todos;0;Todos;2000;Todos;0;Todos;0;Todos;3;Unidade da federação;23;Ceará;46;51;31;49;45;47;52;40;52;61;55;61;590
2016;2016;1;Óbitos por residência;212559;(X60-X84) Lesões autoprovocadas intencionalmente;1;Notificação de óbitos;1;Número de óbitos;0;Todos;0;Todos;2000;Todos;0;Todos;0;Todos;3;Unidade da federação;24;Rio Grande do Norte;12;10;15;15;14;27;14;14;21;14;10;15;181
2016;2016;1;Óbitos por residência;212559;(X60-X84) Lesões autoprovocadas intencionalmente;1;Notificação de óbitos;1;Número de óbitos;0;Todos;0;Todos;2000;Todos;0;Todos;0;Todos;3;Unidade da federação;25;Paraíba;13;13;18;14;19;16;16;17;13;12;19;11;181
2016;2016;1;Óbitos por residência;212559;(X60-X84) Lesões autoprovocadas intencionalmente;1;Notificação de óbitos;1;Número de óbitos;0;Todos;0;Todos;2000;Todos;0;Todos;0;Todos;3;Unidade da federação;26;Pernambuco;31;25;44;40;29;26;40;36;24;38;28;35;396
2016;2016;1;Óbitos por residência;212559;(X60-X84) Lesões autoprovocadas intencionalmente;1;Notificação de óbitos;1;Número de óbitos;0;Todos;0;Todos;2000;Todos;0;Todos;0;Todos;3;Unidade da federação;27;Alagoas;8;11;7;3;12;11;8;11;13;12;7;9;112
2016;2016;1;Óbitos por residência;212559;(X60-X84) Lesões autoprovocadas intencionalmente;1;Notificação de óbitos;1;Número de óbitos;0;Todos;0;Todos;2000;Todos;0;Todos;0;Todos;3;Unidade da federação;28;Sergipe;6;17;5;6;10;11;13;10;8;11;14;4;115
2016;2016;1;Óbitos por residência;212559;(X60-X84) Lesões autoprovocadas intencionalmente;1;Notificação de óbitos;1;Número de óbitos;0;Todos;0;Todos;2000;Todos;0;Todos;0;Todos;3;Unidade da federação;29;Bahia;43;39;47;43;33;52;43;31;46;49;51;55;532
2016;2016;1;Óbitos por residência;212559;(X60-X84) Lesões autoprovocadas intencionalmente;1;Notificação de óbitos;1;Número de óbitos;0;Todos;0;Todos;2000;Todos;0;Todos;0;Todos;2;Região;3;Sudeste;364;349;354;319;340;284;338;355;366;420;360;400;4249
2016;2016;1;Óbitos por residência;212559;(X60-X84) Lesões autoprovocadas intencionalmente;1;Notificação de óbitos;1;Número de óbitos;0;Todos;0;Todos;2000;Todos;0;Todos;0;Todos;3;Unidade da federação;31;Minas Gerais;114;116;93;95;100;113;96;126;98;129;101;121;1302
2016;2016;1;Óbitos por residência;212559;(X60-X84) Lesões autoprovocadas intencionalmente;1;Notificação de óbitos;1;Número de óbitos;0;Todos;0;Todos;2000;Todos;0;Todos;0;Todos;3;Unidade da federação;32;Espírito Santo;7;12;18;11;20;9;14;15;17;23;16;13;175
2016;2016;1;Óbitos por residência;212559;(X60-X84) Lesões autoprovocadas intencionalmente;1;Notificação de óbitos;1;Número de óbitos;0;Todos;0;Todos;2000;Todos;0;Todos;0;Todos;3;Unidade da federação;33;Rio de Janeiro;54;46;42;51;58;37;35;35;44;54;62;55;573
2016;2016;1;Óbitos por residência;212559;(X60-X84) Lesões autoprovocadas intencionalmente;1;Notificação de óbitos;1;Número de óbitos;0;Todos;0;Todos;2000;Todos;0;Todos;0;Todos;3;Unidade da federação;35;São Paulo;189;175;201;162;162;125;193;179;207;214;181;211;2199
2016;2016;1;Óbitos por residência;212559;(X60-X84) Lesões autoprovocadas intencionalmente;1;Notificação de óbitos;1;Número de óbitos;0;Todos;0;Todos;2000;Todos;0;Todos;0;Todos;2;Região;4;Sul;225;225;204;228;203;206;218;201;208;207;242;235;2602
2016;2016;1;Óbitos por residência;212559;(X60-X84) Lesões autoprovocadas intencionalmente;1;Notificação de óbitos;1;Número de óbitos;0;Todos;0;Todos;2000;Todos;0;Todos;0;Todos;3;Unidade da federação;41;Paraná;78;56;54;58;64;50;65;58;62;59;74;82;760
2016;2016;1;Óbitos por residência;212559;(X60-X84) Lesões autoprovocadas intencionalmente;1;Notificação de óbitos;1;Número de óbitos;0;Todos;0;Todos;2000;Todos;0;Todos;0;Todos;3;Unidade da federação;42;Santa Catarina;42;63;65;71;48;55;55;55;57;44;65;54;674
2016;2016;1;Óbitos por residência;212559;(X60-X84) Lesões autoprovocadas intencionalmente;1;Notificação de óbitos;1;Número de óbitos;0;Todos;0;Todos;2000;Todos;0;Todos;0;Todos;3;Unidade da federação;43;Rio Grande do Sul;105;106;85;99;91;101;98;88;89;104;103;99;1168
2016;2016;1;Óbitos por residência;212559;(X60-X84) Lesões autoprovocadas intencionalmente;1;Notificação de óbitos;1;Número de óbitos;0;Todos;0;Todos;2000;Todos;0;Todos;0;Todos;2;Região;5;Centro-Oeste;88;79;85;87;92;70;69;84;92;96;94;98;1034
2016;2016;1;Óbitos por residência;212559;(X60-X84) Lesões autoprovocadas intencionalmente;1;Notificação de óbitos;1;Número de óbitos;0;Todos;0;Todos;2000;Todos;0;Todos;0;Todos;3;Unidade da federação;50;Mato Grosso do Sul;21;18;21;23;17;10;5;23;23;21;20;21;223
2016;2016;1;Óbitos por residência;212559;(X60-X84) Lesões autoprovocadas intencionalmente;1;Notificação de óbitos;1;Número de óbitos;0;Todos;0;Todos;2000;Todos;0;Todos;0;Todos;3;Unidade da federação;51;Mato Grosso;16;16;12;13;16;12;12;11;16;20;18;16;178
2016;2016;1;Óbitos por residência;212559;(X60-X84) Lesões autoprovocadas intencionalmente;1;Notificação de óbitos;1;Número de óbitos;0;Todos;0;Todos;2000;Todos;0;Todos;0;Todos;3;Unidade da federação;52;Goiás;37;35;35;41;43;36;43;36;42;38;46;49;481
2016;2016;1;Óbitos por residência;212559;(X60-X84) Lesões autoprovocadas intencionalmente;1;Notificação de óbitos;1;Número de óbitos;0;Todos;0;Todos;2000;Todos;0;Todos;0;Todos;3;Unidade da federação;53;Distrito Federal;14;10;17;10;16;12;9;14;11;17;10;12;152
2017;2017;1;Óbitos por residência;212559;(X60-X84) Lesões autoprovocadas intencionalmente;1;Notificação de óbitos;1;Número de óbitos;0;Todos;0;Todos;2000;Todos;0;Todos;0;Todos;1;País;76;Brasil;1.059;967;1.055;923;1.029;932;938;1.071;1.135;1.212;1.063;1.111;12495
2017;2017;1;Óbitos por residência;212559;(X60-X84) Lesões autoprovocadas intencionalmente;1;Notificação de óbitos;1;Número de óbitos;0;Todos;0;Todos;2000;Todos;0;Todos;0;Todos;2;Região;1;Norte;53;72;80;60;74;75;75;73;70;90;78;96;896
2017;2017;1;Óbitos por residência;212559;(X60-X84) Lesões autoprovocadas intencionalmente;1;Notificação de óbitos;1;Número de óbitos;0;Todos;0;Todos;2000;Todos;0;Todos;0;Todos;3;Unidade da federação;11;Rondônia;3;13;10;12;4;10;3;10;15;12;10;11;113
2017;2017;1;Óbitos por residência;212559;(X60-X84) Lesões autoprovocadas intencionalmente;1;Notificação de óbitos;1;Número de óbitos;0;Todos;0;Todos;2000;Todos;0;Todos;0;Todos;3;Unidade da federação;12;Acre;2;6;7;4;2;4;6;4;8;6;7;8;64
2017;2017;1;Óbitos por residência;212559;(X60-X84) Lesões autoprovocadas intencionalmente;1;Notificação de óbitos;1;Número de óbitos;0;Todos;0;Todos;2000;Todos;0;Todos;0;Todos;3;Unidade da federação;13;Amazonas;11;14;14;14;23;18;22;17;11;16;19;28;207
2017;2017;1;Óbitos por residência;212559;(X60-X84) Lesões autoprovocadas intencionalmente;1;Notificação de óbitos;1;Número de óbitos;0;Todos;0;Todos;2000;Todos;0;Todos;0;Todos;3;Unidade da federação;14;Roraima;2;3;4;5;8;5;0;6;6;5;2;4;50
2017;2017;1;Óbitos por residência;212559;(X60-X84) Lesões autoprovocadas intencionalmente;1;Notificação de óbitos;1;Número de óbitos;0;Todos;0;Todos;2000;Todos;0;Todos;0;Todos;3;Unidade da federação;15;Pará;21;23;27;18;25;22;28;25;22;33;33;24;301
2017;2017;1;Óbitos por residência;212559;(X60-X84) Lesões autoprovocadas intencionalmente;1;Notificação de óbitos;1;Número de óbitos;0;Todos;0;Todos;2000;Todos;0;Todos;0;Todos;3;Unidade da federação;16;Amapá;5;4;3;1;3;8;2;6;1;6;2;5;46
2017;2017;1;Óbitos por residência;212559;(X60-X84) Lesões autoprovocadas intencionalmente;1;Notificação de óbitos;1;Número de óbitos;0;Todos;0;Todos;2000;Todos;0;Todos;0;Todos;3;Unidade da federação;17;Tocantins;9;9;15;6;9;8;14;5;7;12;5;16;115
2017;2017;1;Óbitos por residência;212559;(X60-X84) Lesões autoprovocadas intencionalmente;1;Notificação de óbitos;1;Número de óbitos;0;Todos;0;Todos;2000;Todos;0;Todos;0;Todos;2;Região;2;Nordeste;249;225;266;229;257;222;225;272;256;282;252;246;2981
2017;2017;1;Óbitos por residência;212559;(X60-X84) Lesões autoprovocadas intencionalmente;1;Notificação de óbitos;1;Número de óbitos;0;Todos;0;Todos;2000;Todos;0;Todos;0;Todos;3;Unidade da federação;21;Maranhão;21;13;20;23;36;27;26;38;29;34;28;23;318
2017;2017;1;Óbitos por residência;212559;(X60-X84) Lesões autoprovocadas intencionalmente;1;Notificação de óbitos;1;Número de óbitos;0;Todos;0;Todos;2000;Todos;0;Todos;0;Todos;3;Unidade da federação;22;Piauí;21;24;23;28;22;28;29;25;38;19;25;35;317
2017;2017;1;Óbitos por residência;212559;(X60-X84) Lesões autoprovocadas intencionalmente;1;Notificação de óbitos;1;Número de óbitos;0;Todos;0;Todos;2000;Todos;0;Todos;0;Todos;3;Unidade da federação;23;Ceará;45;54;58;53;52;47;49;57;58;65;61;45;644
2017;2017;1;Óbitos por residência;212559;(X60-X84) Lesões autoprovocadas intencionalmente;1;Notificação de óbitos;1;Número de óbitos;0;Todos;0;Todos;2000;Todos;0;Todos;0;Todos;3;Unidade da federação;24;Rio Grande do Norte;18;9;12;12;22;16;18;10;16;22;12;13;180
2017;2017;1;Óbitos por residência;212559;(X60-X84) Lesões autoprovocadas intencionalmente;1;Notificação de óbitos;1;Número de óbitos;0;Todos;0;Todos;2000;Todos;0;Todos;0;Todos;3;Unidade da federação;25;Paraíba;20;18;30;18;25;20;19;21;17;17;20;25;250
2017;2017;1;Óbitos por residência;212559;(X60-X84) Lesões autoprovocadas intencionalmente;1;Notificação de óbitos;1;Número de óbitos;0;Todos;0;Todos;2000;Todos;0;Todos;0;Todos;3;Unidade da federação;26;Pernambuco;42;39;40;31;39;34;20;45;32;40;37;39;438
2017;2017;1;Óbitos por residência;212559;(X60-X84) Lesões autoprovocadas intencionalmente;1;Notificação de óbitos;1;Número de óbitos;0;Todos;0;Todos;2000;Todos;0;Todos;0;Todos;3;Unidade da federação;27;Alagoas;12;7;9;6;10;3;8;9;7;13;11;9;104
2017;2017;1;Óbitos por residência;212559;(X60-X84) Lesões autoprovocadas intencionalmente;1;Notificação de óbitos;1;Número de óbitos;0;Todos;0;Todos;2000;Todos;0;Todos;0;Todos;3;Unidade da federação;28;Sergipe;9;9;13;10;12;4;13;11;10;10;11;15;127
2017;2017;1;Óbitos por residência;212559;(X60-X84) Lesões autoprovocadas intencionalmente;1;Notificação de óbitos;1;Número de óbitos;0;Todos;0;Todos;2000;Todos;0;Todos;0;Todos;3;Unidade da federação;29;Bahia;61;52;61;48;39;43;43;56;49;62;47;42;603
2017;2017;1;Óbitos por residência;212559;(X60-X84) Lesões autoprovocadas intencionalmente;1;Notificação de óbitos;1;Número de óbitos;0;Todos;0;Todos;2000;Todos;0;Todos;0;Todos;2;Região;3;Sudeste;404;373;362;339;380;339;331;394;445;474;384;410;4.635
2017;2017;1;Óbitos por residência;212559;(X60-X84) Lesões autoprovocadas intencionalmente;1;Notificação de óbitos;1;Número de óbitos;0;Todos;0;Todos;2000;Todos;0;Todos;0;Todos;3;Unidade da federação;31;Minas Gerais;134;117;124;133;125;105;105;113;159;157;113;130;1515
2017;2017;1;Óbitos por residência;212559;(X60-X84) Lesões autoprovocadas intencionalmente;1;Notificação de óbitos;1;Número de óbitos;0;Todos;0;Todos;2000;Todos;0;Todos;0;Todos;3;Unidade da federação;32;Espírito Santo;18;13;12;14;14;13;11;23;20;36;13;20;207
2017;2017;1;Óbitos por residência;212559;(X60-X84) Lesões autoprovocadas intencionalmente;1;Notificação de óbitos;1;Número de óbitos;0;Todos;0;Todos;2000;Todos;0;Todos;0;Todos;3;Unidade da federação;33;Rio de Janeiro;48;35;56;40;59;44;34;50;60;64;53;64;607
2017;2017;1;Óbitos por residência;212559;(X60-X84) Lesões autoprovocadas intencionalmente;1;Notificação de óbitos;1;Número de óbitos;0;Todos;0;Todos;2000;Todos;0;Todos;0;Todos;3;Unidade da federação;35;São Paulo;204;208;170;152;182;177;181;208;206;217;205;196;2306
2017;2017;1;Óbitos por residência;212559;(X60-X84) Lesões autoprovocadas intencionalmente;1;Notificação de óbitos;1;Número de óbitos;0;Todos;0;Todos;2000;Todos;0;Todos;0;Todos;2;Região;4;Sul;260;223;245;196;226;223;226;236;265;260;247;255;2.862
2017;2017;1;Óbitos por residência;212559;(X60-X84) Lesões autoprovocadas intencionalmente;1;Notificação de óbitos;1;Número de óbitos;0;Todos;0;Todos;2000;Todos;0;Todos;0;Todos;3;Unidade da federação;41;Paraná;68;56;68;37;57;55;65;63;89;69;73;74;774
2017;2017;1;Óbitos por residência;212559;(X60-X84) Lesões autoprovocadas intencionalmente;1;Notificação de óbitos;1;Número de óbitos;0;Todos;0;Todos;2000;Todos;0;Todos;0;Todos;3;Unidade da federação;42;Santa Catarina;67;54;68;56;56;62;49;57;55;78;71;66;739
2017;2017;1;Óbitos por residência;212559;(X60-X84) Lesões autoprovocadas intencionalmente;1;Notificação de óbitos;1;Número de óbitos;0;Todos;0;Todos;2000;Todos;0;Todos;0;Todos;3;Unidade da federação;43;Rio Grande do Sul;125;113;109;103;113;106;112;116;121;113;103;115;1349
2017;2017;1;Óbitos por residência;212559;(X60-X84) Lesões autoprovocadas intencionalmente;1;Notificação de óbitos;1;Número de óbitos;0;Todos;0;Todos;2000;Todos;0;Todos;0;Todos;2;Região;5;Centro-Oeste;93;74;102;99;92;73;81;96;99;106;102;104;1121
2017;2017;1;Óbitos por residência;212559;(X60-X84) Lesões autoprovocadas intencionalmente;1;Notificação de óbitos;1;Número de óbitos;0;Todos;0;Todos;2000;Todos;0;Todos;0;Todos;3;Unidade da federação;50;Mato Grosso do Sul;25;15;23;17;24;15;16;24;28;23;26;23;259
2017;2017;1;Óbitos por residência;212559;(X60-X84) Lesões autoprovocadas intencionalmente;1;Notificação de óbitos;1;Número de óbitos;0;Todos;0;Todos;2000;Todos;0;Todos;0;Todos;3;Unidade da federação;51;Mato Grosso;14;10;22;21;15;11;13;18;18;15;16;24;197
2017;2017;1;Óbitos por residência;212559;(X60-X84) Lesões autoprovocadas intencionalmente;1;Notificação de óbitos;1;Número de óbitos;0;Todos;0;Todos;2000;Todos;0;Todos;0;Todos;3;Unidade da federação;52;Goiás;44;40;41;46;40;27;29;41;41;58;50;40;497
2017;2017;1;Óbitos por residência;212559;(X60-X84) Lesões autoprovocadas intencionalmente;1;Notificação de óbitos;1;Número de óbitos;0;Todos;0;Todos;2000;Todos;0;Todos;0;Todos;3;Unidade da federação;53;Distrito Federal;10;9;16;15;13;20;23;13;12;10;10;17;168
2018;2018;1;Óbitos por residência;212559;(X60-X84) Lesões autoprovocadas intencionalmente;1;Notificação de óbitos;1;Número de óbitos;0;Todos;0;Todos;2000;Todos;0;Todos;0;Todos;1;País;76;Brasil;1.077;957;1.133;1.069;1.041;972;1.028;1.038;1.085;1.090;1.093;1.150;12733
2018;2018;1;Óbitos por residência;212559;(X60-X84) Lesões autoprovocadas intencionalmente;1;Notificação de óbitos;1;Número de óbitos;0;Todos;0;Todos;2000;Todos;0;Todos;0;Todos;2;Região;1;Norte;71;81;74;87;86;82;78;98;80;96;70;88;991
2018;2018;1;Óbitos por residência;212559;(X60-X84) Lesões autoprovocadas intencionalmente;1;Notificação de óbitos;1;Número de óbitos;0;Todos;0;Todos;2000;Todos;0;Todos;0;Todos;3;Unidade da federação;11;Rondônia;11;15;11;10;9;10;12;9;10;18;5;5;125
2018;2018;1;Óbitos por residência;212559;(X60-X84) Lesões autoprovocadas intencionalmente;1;Notificação de óbitos;1;Número de óbitos;0;Todos;0;Todos;2000;Todos;0;Todos;0;Todos;3;Unidade da federação;12;Acre;5;5;6;8;1;5;3;5;5;4;6;6;59
2018;2018;1;Óbitos por residência;212559;(X60-X84) Lesões autoprovocadas intencionalmente;1;Notificação de óbitos;1;Número de óbitos;0;Todos;0;Todos;2000;Todos;0;Todos;0;Todos;3;Unidade da federação;13;Amazonas;17;20;20;23;19;13;18;23;18;18;18;27;234
2018;2018;1;Óbitos por residência;212559;(X60-X84) Lesões autoprovocadas intencionalmente;1;Notificação de óbitos;1;Número de óbitos;0;Todos;0;Todos;2000;Todos;0;Todos;0;Todos;3;Unidade da federação;14;Roraima;4;2;3;2;4;4;3;4;2;4;2;3;37
2018;2018;1;Óbitos por residência;212559;(X60-X84) Lesões autoprovocadas intencionalmente;1;Notificação de óbitos;1;Número de óbitos;0;Todos;0;Todos;2000;Todos;0;Todos;0;Todos;3;Unidade da federação;15;Pará;20;24;22;26;37;32;31;35;28;39;28;28;350
2018;2018;1;Óbitos por residência;212559;(X60-X84) Lesões autoprovocadas intencionalmente;1;Notificação de óbitos;1;Número de óbitos;0;Todos;0;Todos;2000;Todos;0;Todos;0;Todos;3;Unidade da federação;16;Amapá;6;3;4;5;3;11;2;7;6;5;4;6;62
2018;2018;1;Óbitos por residência;212559;(X60-X84) Lesões autoprovocadas intencionalmente;1;Notificação de óbitos;1;Número de óbitos;0;Todos;0;Todos;2000;Todos;0;Todos;0;Todos;3;Unidade da federação;17;Tocantins;8;12;8;13;13;7;9;15;11;8;7;13;124
2018;2018;1;Óbitos por residência;212559;(X60-X84) Lesões autoprovocadas intencionalmente;1;Notificação de óbitos;1;Número de óbitos;0;Todos;0;Todos;2000;Todos;0;Todos;0;Todos;2;Região;2;Nordeste;267;214;274;234;259;236;273;270;236;253;224;256;2996
2018;2018;1;Óbitos por residência;212559;(X60-X84) Lesões autoprovocadas intencionalmente;1;Notificação de óbitos;1;Número de óbitos;0;Todos;0;Todos;2000;Todos;0;Todos;0;Todos;3;Unidade da federação;21;Maranhão;30;24;21;23;24;20;35;21;26;35;29;25;313
2018;2018;1;Óbitos por residência;212559;(X60-X84) Lesões autoprovocadas intencionalmente;1;Notificação de óbitos;1;Número de óbitos;0;Todos;0;Todos;2000;Todos;0;Todos;0;Todos;3;Unidade da federação;22;Piauí;30;27;27;23;27;29;24;22;29;30;37;26;331
2018;2018;1;Óbitos por residência;212559;(X60-X84) Lesões autoprovocadas intencionalmente;1;Notificação de óbitos;1;Número de óbitos;0;Todos;0;Todos;2000;Todos;0;Todos;0;Todos;3;Unidade da federação;23;Ceará;61;46;64;49;70;55;67;58;39;50;46;50;655
2018;2018;1;Óbitos por residência;212559;(X60-X84) Lesões autoprovocadas intencionalmente;1;Notificação de óbitos;1;Número de óbitos;0;Todos;0;Todos;2000;Todos;0;Todos;0;Todos;3;Unidade da federação;24;Rio Grande do Norte;17;14;14;16;12;17;24;18;20;20;11;13;196
2018;2018;1;Óbitos por residência;212559;(X60-X84) Lesões autoprovocadas intencionalmente;1;Notificação de óbitos;1;Número de óbitos;0;Todos;0;Todos;2000;Todos;0;Todos;0;Todos;3;Unidade da federação;25;Paraíba;20;10;22;25;14;12;23;18;21;22;18;32;237
2018;2018;1;Óbitos por residência;212559;(X60-X84) Lesões autoprovocadas intencionalmente;1;Notificação de óbitos;1;Número de óbitos;0;Todos;0;Todos;2000;Todos;0;Todos;0;Todos;3;Unidade da federação;26;Pernambuco;37;29;48;31;38;32;32;46;36;35;25;41;430
2018;2018;1;Óbitos por residência;212559;(X60-X84) Lesões autoprovocadas intencionalmente;1;Notificação de óbitos;1;Número de óbitos;0;Todos;0;Todos;2000;Todos;0;Todos;0;Todos;3;Unidade da federação;27;Alagoas;11;12;8;13;9;10;11;16;17;12;8;10;137
2018;2018;1;Óbitos por residência;212559;(X60-X84) Lesões autoprovocadas intencionalmente;1;Notificação de óbitos;1;Número de óbitos;0;Todos;0;Todos;2000;Todos;0;Todos;0;Todos;3;Unidade da federação;28;Sergipe;17;16;14;8;9;8;9;14;10;9;10;10;134
2018;2018;1;Óbitos por residência;212559;(X60-X84) Lesões autoprovocadas intencionalmente;1;Notificação de óbitos;1;Número de óbitos;0;Todos;0;Todos;2000;Todos;0;Todos;0;Todos;3;Unidade da federação;29;Bahia;44;36;56;46;56;53;48;57;38;40;40;49;563
2018;2018;1;Óbitos por residência;212559;(X60-X84) Lesões autoprovocadas intencionalmente;1;Notificação de óbitos;1;Número de óbitos;0;Todos;0;Todos;2000;Todos;0;Todos;0;Todos;2;Região;3;Sudeste;375;365;404;396;373;343;375;371;421;412;415;425;4675
2018;2018;1;Óbitos por residência;212559;(X60-X84) Lesões autoprovocadas intencionalmente;1;Notificação de óbitos;1;Número de óbitos;0;Todos;0;Todos;2000;Todos;0;Todos;0;Todos;3;Unidade da federação;31;Minas Gerais;131;124;122;104;130;120;124;129;130;127;140;149;1530
2018;2018;1;Óbitos por residência;212559;(X60-X84) Lesões autoprovocadas intencionalmente;1;Notificação de óbitos;1;Número de óbitos;0;Todos;0;Todos;2000;Todos;0;Todos;0;Todos;3;Unidade da federação;32;Espírito Santo;22;24;22;16;13;14;20;21;17;16;31;23;239
2018;2018;1;Óbitos por residência;212559;(X60-X84) Lesões autoprovocadas intencionalmente;1;Notificação de óbitos;1;Número de óbitos;0;Todos;0;Todos;2000;Todos;0;Todos;0;Todos;3;Unidade da federação;33;Rio de Janeiro;46;48;55;77;56;46;69;56;61;63;60;62;699
2018;2018;1;Óbitos por residência;212559;(X60-X84) Lesões autoprovocadas intencionalmente;1;Notificação de óbitos;1;Número de óbitos;0;Todos;0;Todos;2000;Todos;0;Todos;0;Todos;3;Unidade da federação;35;São Paulo;176;169;205;199;174;163;162;165;213;206;184;191;2207
2018;2018;1;Óbitos por residência;212559;(X60-X84) Lesões autoprovocadas intencionalmente;1;Notificação de óbitos;1;Número de óbitos;0;Todos;0;Todos;2000;Todos;0;Todos;0;Todos;2;Região;4;Sul;266;218;261;248;221;215;210;212;258;219;275;288;2891
2018;2018;1;Óbitos por residência;212559;(X60-X84) Lesões autoprovocadas intencionalmente;1;Notificação de óbitos;1;Número de óbitos;0;Todos;0;Todos;2000;Todos;0;Todos;0;Todos;3;Unidade da federação;41;Paraná;73;63;90;84;72;73;63;59;90;67;93;88;915
2018;2018;1;Óbitos por residência;212559;(X60-X84) Lesões autoprovocadas intencionalmente;1;Notificação de óbitos;1;Número de óbitos;0;Todos;0;Todos;2000;Todos;0;Todos;0;Todos;3;Unidade da federação;42;Santa Catarina;74;56;58;68;53;62;45;53;62;72;69;63;735
2018;2018;1;Óbitos por residência;212559;(X60-X84) Lesões autoprovocadas intencionalmente;1;Notificação de óbitos;1;Número de óbitos;0;Todos;0;Todos;2000;Todos;0;Todos;0;Todos;3;Unidade da federação;43;Rio Grande do Sul;119;99;113;96;96;80;102;100;106;80;113;137;1241
2018;2018;1;Óbitos por residência;212559;(X60-X84) Lesões autoprovocadas intencionalmente;1;Notificação de óbitos;1;Número de óbitos;0;Todos;0;Todos;2000;Todos;0;Todos;0;Todos;2;Região;5;Centro-Oeste;98;79;120;104;102;96;92;87;90;110;109;93;1180
2018;2018;1;Óbitos por residência;212559;(X60-X84) Lesões autoprovocadas intencionalmente;1;Notificação de óbitos;1;Número de óbitos;0;Todos;0;Todos;2000;Todos;0;Todos;0;Todos;3;Unidade da federação;50;Mato Grosso do Sul;22;15;22;21;18;17;27;16;21;23;33;33;268
2018;2018;1;Óbitos por residência;212559;(X60-X84) Lesões autoprovocadas intencionalmente;1;Notificação de óbitos;1;Número de óbitos;0;Todos;0;Todos;2000;Todos;0;Todos;0;Todos;3;Unidade da federação;51;Mato Grosso;23;18;25;20;27;20;13;12;20;19;17;12;226
2018;2018;1;Óbitos por residência;212559;(X60-X84) Lesões autoprovocadas intencionalmente;1;Notificação de óbitos;1;Número de óbitos;0;Todos;0;Todos;2000;Todos;0;Todos;0;Todos;3;Unidade da federação;52;Goiás;43;31;50;45;43;40;33;46;30;53;46;39;499
2018;2018;1;Óbitos por residência;212559;(X60-X84) Lesões autoprovocadas intencionalmente;1;Notificação de óbitos;1;Número de óbitos;0;Todos;0;Todos;2000;Todos;0;Todos;0;Todos;3;Unidade da federação;53;Distrito Federal;10;15;23;18;14;19;19;13;19;15;13;9;187
2019;2019;1;Óbitos por residência;212559;(X60-X84) Lesões autoprovocadas intencionalmente;1;Notificação de óbitos;1;Número de óbitos;0;Todos;0;Todos;2000;Todos;0;Todos;0;Todos;1;País;76;Brasil;1.112;1.028;1.222;1.123;1.145;1.054;1.086;1.103;1.174;1.134;1.152;1.187;13520
2019;2019;1;Óbitos por residência;212559;(X60-X84) Lesões autoprovocadas intencionalmente;1;Notificação de óbitos;1;Número de óbitos;0;Todos;0;Todos;2000;Todos;0;Todos;0;Todos;2;Região;1;Norte;76;78;84;85;93;90;91;92;94;88;90;97;1058
2019;2019;1;Óbitos por residência;212559;(X60-X84) Lesões autoprovocadas intencionalmente;1;Notificação de óbitos;1;Número de óbitos;0;Todos;0;Todos;2000;Todos;0;Todos;0;Todos;3;Unidade da federação;11;Rondônia;13;13;17;10;8;10;13;9;12;9;12;14;140
2019;2019;1;Óbitos por residência;212559;(X60-X84) Lesões autoprovocadas intencionalmente;1;Notificação de óbitos;1;Número de óbitos;0;Todos;0;Todos;2000;Todos;0;Todos;0;Todos;3;Unidade da federação;12;Acre;8;4;6;6;6;3;5;7;7;3;8;9;72
2019;2019;1;Óbitos por residência;212559;(X60-X84) Lesões autoprovocadas intencionalmente;1;Notificação de óbitos;1;Número de óbitos;0;Todos;0;Todos;2000;Todos;0;Todos;0;Todos;3;Unidade da federação;13;Amazonas;18;17;16;21;23;21;26;24;19;20;23;25;253
2019;2019;1;Óbitos por residência;212559;(X60-X84) Lesões autoprovocadas intencionalmente;1;Notificação de óbitos;1;Número de óbitos;0;Todos;0;Todos;2000;Todos;0;Todos;0;Todos;3;Unidade da federação;14;Roraima;2;3;8;5;3;2;5;8;6;3;1;4;50
2019;2019;1;Óbitos por residência;212559;(X60-X84) Lesões autoprovocadas intencionalmente;1;Notificação de óbitos;1;Número de óbitos;0;Todos;0;Todos;2000;Todos;0;Todos;0;Todos;3;Unidade da federação;15;Pará;26;28;20;26;28;35;25;27;38;32;31;32;348
2019;2019;1;Óbitos por residência;212559;(X60-X84) Lesões autoprovocadas intencionalmente;1;Notificação de óbitos;1;Número de óbitos;0;Todos;0;Todos;2000;Todos;0;Todos;0;Todos;3;Unidade da federação;16;Amapá;4;2;4;9;11;7;8;1;2;6;3;4;61
2019;2019;1;Óbitos por residência;212559;(X60-X84) Lesões autoprovocadas intencionalmente;1;Notificação de óbitos;1;Número de óbitos;0;Todos;0;Todos;2000;Todos;0;Todos;0;Todos;3;Unidade da federação;17;Tocantins;5;11;13;8;14;12;9;16;10;15;12;9;134
2019;2019;1;Óbitos por residência;212559;(X60-X84) Lesões autoprovocadas intencionalmente;1;Notificação de óbitos;1;Número de óbitos;0;Todos;0;Todos;2000;Todos;0;Todos;0;Todos;2;Região;2;Nordeste;253;240;292;240;263;267;212;267;263;250;262;273;3082
2019;2019;1;Óbitos por residência;212559;(X60-X84) Lesões autoprovocadas intencionalmente;1;Notificação de óbitos;1;Número de óbitos;0;Todos;0;Todos;2000;Todos;0;Todos;0;Todos;3;Unidade da federação;21;Maranhão;21;26;23;18;39;36;20;39;33;23;31;25;334
2019;2019;1;Óbitos por residência;212559;(X60-X84) Lesões autoprovocadas intencionalmente;1;Notificação de óbitos;1;Número de óbitos;0;Todos;0;Todos;2000;Todos;0;Todos;0;Todos;3;Unidade da federação;22;Piauí;21;24;29;30;28;37;22;25;28;23;31;30;328
2019;2019;1;Óbitos por residência;212559;(X60-X84) Lesões autoprovocadas intencionalmente;1;Notificação de óbitos;1;Número de óbitos;0;Todos;0;Todos;2000;Todos;0;Todos;0;Todos;3;Unidade da federação;23;Ceará;54;53;76;57;49;57;42;41;46;42;47;64;628
2019;2019;1;Óbitos por residência;212559;(X60-X84) Lesões autoprovocadas intencionalmente;1;Notificação de óbitos;1;Número de óbitos;0;Todos;0;Todos;2000;Todos;0;Todos;0;Todos;3;Unidade da federação;24;Rio Grande do Norte;17;13;15;14;21;12;21;19;19;16;15;22;204
2019;2019;1;Óbitos por residência;212559;(X60-X84) Lesões autoprovocadas intencionalmente;1;Notificação de óbitos;1;Número de óbitos;0;Todos;0;Todos;2000;Todos;0;Todos;0;Todos;3;Unidade da federação;25;Paraíba;25;14;18;23;24;13;17;18;28;25;21;25;251
2019;2019;1;Óbitos por residência;212559;(X60-X84) Lesões autoprovocadas intencionalmente;1;Notificação de óbitos;1;Número de óbitos;0;Todos;0;Todos;2000;Todos;0;Todos;0;Todos;3;Unidade da federação;26;Pernambuco;37;37;45;38;31;42;17;38;44;44;42;28;443
2019;2019;1;Óbitos por residência;212559;(X60-X84) Lesões autoprovocadas intencionalmente;1;Notificação de óbitos;1;Número de óbitos;0;Todos;0;Todos;2000;Todos;0;Todos;0;Todos;3;Unidade da federação;27;Alagoas;9;12;11;9;13;10;11;18;6;7;14;9;129
2019;2019;1;Óbitos por residência;212559;(X60-X84) Lesões autoprovocadas intencionalmente;1;Notificação de óbitos;1;Número de óbitos;0;Todos;0;Todos;2000;Todos;0;Todos;0;Todos;3;Unidade da federação;28;Sergipe;11;13;9;7;11;6;11;9;6;12;10;11;116
2019;2019;1;Óbitos por residência;212559;(X60-X84) Lesões autoprovocadas intencionalmente;1;Notificação de óbitos;1;Número de óbitos;0;Todos;0;Todos;2000;Todos;0;Todos;0;Todos;3;Unidade da federação;29;Bahia;58;48;66;44;47;54;51;60;53;58;51;59;649
2019;2019;1;Óbitos por residência;212559;(X60-X84) Lesões autoprovocadas intencionalmente;1;Notificação de óbitos;1;Número de óbitos;0;Todos;0;Todos;2000;Todos;0;Todos;0;Todos;2;Região;3;Sudeste;409;366;453;424;401;360;427;396;427;430;406;431;4930
2019;2019;1;Óbitos por residência;212559;(X60-X84) Lesões autoprovocadas intencionalmente;1;Notificação de óbitos;1;Número de óbitos;0;Todos;0;Todos;2000;Todos;0;Todos;0;Todos;3;Unidade da federação;31;Minas Gerais;156;122;161;146;139;128;150;150;145;143;129;163;1732
2019;2019;1;Óbitos por residência;212559;(X60-X84) Lesões autoprovocadas intencionalmente;1;Notificação de óbitos;1;Número de óbitos;0;Todos;0;Todos;2000;Todos;0;Todos;0;Todos;3;Unidade da federação;32;Espírito Santo;25;20;33;22;18;16;24;25;13;16;13;23;248
2019;2019;1;Óbitos por residência;212559;(X60-X84) Lesões autoprovocadas intencionalmente;1;Notificação de óbitos;1;Número de óbitos;0;Todos;0;Todos;2000;Todos;0;Todos;0;Todos;3;Unidade da federação;33;Rio de Janeiro;51;45;44;51;53;32;56;40;53;44;61;42;572
2019;2019;1;Óbitos por residência;212559;(X60-X84) Lesões autoprovocadas intencionalmente;1;Notificação de óbitos;1;Número de óbitos;0;Todos;0;Todos;2000;Todos;0;Todos;0;Todos;3;Unidade da federação;35;São Paulo;177;179;215;205;191;184;197;181;216;227;203;203;2378
2019;2019;1;Óbitos por residência;212559;(X60-X84) Lesões autoprovocadas intencionalmente;1;Notificação de óbitos;1;Número de óbitos;0;Todos;0;Todos;2000;Todos;0;Todos;0;Todos;2;Região;4;Sul;272;261;282;262;264;243;246;247;278;249;287;276;3167
2019;2019;1;Óbitos por residência;212559;(X60-X84) Lesões autoprovocadas intencionalmente;1;Notificação de óbitos;1;Número de óbitos;0;Todos;0;Todos;2000;Todos;0;Todos;0;Todos;3;Unidade da federação;41;Paraná;69;79;92;90;64;57;71;75;95;84;90;78;944
2019;2019;1;Óbitos por residência;212559;(X60-X84) Lesões autoprovocadas intencionalmente;1;Notificação de óbitos;1;Número de óbitos;0;Todos;0;Todos;2000;Todos;0;Todos;0;Todos;3;Unidade da federação;42;Santa Catarina;83;69;70;58;58;65;71;58;72;54;74;66;798
2019;2019;1;Óbitos por residência;212559;(X60-X84) Lesões autoprovocadas intencionalmente;1;Notificação de óbitos;1;Número de óbitos;0;Todos;0;Todos;2000;Todos;0;Todos;0;Todos;3;Unidade da federação;43;Rio Grande do Sul;120;113;120;114;142;121;104;114;111;111;123;132;1425
2019;2019;1;Óbitos por residência;212559;(X60-X84) Lesões autoprovocadas intencionalmente;1;Notificação de óbitos;1;Número de óbitos;0;Todos;0;Todos;2000;Todos;0;Todos;0;Todos;2;Região;5;Centro-Oeste;102;83;111;112;124;94;110;101;112;117;107;110;1283
2019;2019;1;Óbitos por residência;212559;(X60-X84) Lesões autoprovocadas intencionalmente;1;Notificação de óbitos;1;Número de óbitos;0;Todos;0;Todos;2000;Todos;0;Todos;0;Todos;3;Unidade da federação;50;Mato Grosso do Sul;23;17;24;23;22;20;30;21;24;22;15;22;263
2019;2019;1;Óbitos por residência;212559;(X60-X84) Lesões autoprovocadas intencionalmente;1;Notificação de óbitos;1;Número de óbitos;0;Todos;0;Todos;2000;Todos;0;Todos;0;Todos;3;Unidade da federação;51;Mato Grosso;18;11;16;19;23;22;16;26;23;17;29;21;241
2019;2019;1;Óbitos por residência;212559;(X60-X84) Lesões autoprovocadas intencionalmente;1;Notificação de óbitos;1;Número de óbitos;0;Todos;0;Todos;2000;Todos;0;Todos;0;Todos;3;Unidade da federação;52;Goiás;47;40;50;48;56;43;50;40;43;59;54;50;580
2019;2019;1;Óbitos por residência;212559;(X60-X84) Lesões autoprovocadas intencionalmente;1;Notificação de óbitos;1;Número de óbitos;0;Todos;0;Todos;2000;Todos;0;Todos;0;Todos;3;Unidade da federação;53;Distrito Federal;14;15;21;22;23;9;14;14;22;19;9;17;199
2020;2020*;1;Óbitos por residência;212559;(X60-X84) Lesões autoprovocadas intencionalmente;1;Notificação de óbitos;1;Número de óbitos;0;Todos;0;Todos;2000;Todos;0;Todos;0;Todos;1;País;76;Brasil;1.192;1.102;1.077;970;976;951;948;959;1.022;1.059;1.038;962;12256
2020;2020*;1;Óbitos por residência;212559;(X60-X84) Lesões autoprovocadas intencionalmente;1;Notificação de óbitos;1;Número de óbitos;0;Todos;0;Todos;2000;Todos;0;Todos;0;Todos;2;Região;1;Norte;120;90;95;86;97;87;82;81;87;90;92;96;1103
2020;2020*;1;Óbitos por residência;212559;(X60-X84) Lesões autoprovocadas intencionalmente;1;Notificação de óbitos;1;Número de óbitos;0;Todos;0;Todos;2000;Todos;0;Todos;0;Todos;3;Unidade da federação;11;Rondônia;14;12;11;9;9;13;10;10;13;18;8;10;137
2020;2020*;1;Óbitos por residência;212559;(X60-X84) Lesões autoprovocadas intencionalmente;1;Notificação de óbitos;1;Número de óbitos;0;Todos;0;Todos;2000;Todos;0;Todos;0;Todos;3;Unidade da federação;12;Acre;7;6;4;8;6;8;3;5;5;7;5;7;71
2020;2020*;1;Óbitos por residência;212559;(X60-X84) Lesões autoprovocadas intencionalmente;1;Notificação de óbitos;1;Número de óbitos;0;Todos;0;Todos;2000;Todos;0;Todos;0;Todos;3;Unidade da federação;13;Amazonas;35;23;25;25;30;22;28;18;28;21;26;33;314
2020;2020*;1;Óbitos por residência;212559;(X60-X84) Lesões autoprovocadas intencionalmente;1;Notificação de óbitos;1;Número de óbitos;0;Todos;0;Todos;2000;Todos;0;Todos;0;Todos;3;Unidade da federação;14;Roraima;9;0;2;3;5;3;5;2;3;0;1;2;35
2020;2020*;1;Óbitos por residência;212559;(X60-X84) Lesões autoprovocadas intencionalmente;1;Notificação de óbitos;1;Número de óbitos;0;Todos;0;Todos;2000;Todos;0;Todos;0;Todos;3;Unidade da federação;15;Pará;40;36;33;31;31;32;25;34;25;31;39;31;388
2020;2020*;1;Óbitos por residência;212559;(X60-X84) Lesões autoprovocadas intencionalmente;1;Notificação de óbitos;1;Número de óbitos;0;Todos;0;Todos;2000;Todos;0;Todos;0;Todos;3;Unidade da federação;16;Amapá;6;2;5;2;8;2;3;2;5;3;5;5;48
2020;2020*;1;Óbitos por residência;212559;(X60-X84) Lesões autoprovocadas intencionalmente;1;Notificação de óbitos;1;Número de óbitos;0;Todos;0;Todos;2000;Todos;0;Todos;0;Todos;3;Unidade da federação;17;Tocantins;9;11;15;8;8;7;8;10;8;10;8;8;110
2020;2020*;1;Óbitos por residência;212559;(X60-X84) Lesões autoprovocadas intencionalmente;1;Notificação de óbitos;1;Número de óbitos;0;Todos;0;Todos;2000;Todos;0;Todos;0;Todos;2;Região;2;Nordeste;250;242;234;246;253;257;234;248;240;264;236;227;2931
2020;2020*;1;Óbitos por residência;212559;(X60-X84) Lesões autoprovocadas intencionalmente;1;Notificação de óbitos;1;Número de óbitos;0;Todos;0;Todos;2000;Todos;0;Todos;0;Todos;3;Unidade da federação;21;Maranhão;25;26;23;29;31;25;30;27;26;36;35;26;339
2020;2020*;1;Óbitos por residência;212559;(X60-X84) Lesões autoprovocadas intencionalmente;1;Notificação de óbitos;1;Número de óbitos;0;Todos;0;Todos;2000;Todos;0;Todos;0;Todos;3;Unidade da federação;22;Piauí;21;21;16;28;20;38;31;36;22;29;23;24;309
2020;2020*;1;Óbitos por residência;212559;(X60-X84) Lesões autoprovocadas intencionalmente;1;Notificação de óbitos;1;Número de óbitos;0;Todos;0;Todos;2000;Todos;0;Todos;0;Todos;3;Unidade da federação;23;Ceará;41;40;45;50;61;52;41;40;45;48;44;46;553
2020;2020*;1;Óbitos por residência;212559;(X60-X84) Lesões autoprovocadas intencionalmente;1;Notificação de óbitos;1;Número de óbitos;0;Todos;0;Todos;2000;Todos;0;Todos;0;Todos;3;Unidade da federação;24;Rio Grande do Norte;16;19;21;18;18;25;12;29;20;15;18;17;228
2020;2020*;1;Óbitos por residência;212559;(X60-X84) Lesões autoprovocadas intencionalmente;1;Notificação de óbitos;1;Número de óbitos;0;Todos;0;Todos;2000;Todos;0;Todos;0;Todos;3;Unidade da federação;25;Paraíba;21;19;17;23;21;12;19;15;16;31;20;22;236
2020;2020*;1;Óbitos por residência;212559;(X60-X84) Lesões autoprovocadas intencionalmente;1;Notificação de óbitos;1;Número de óbitos;0;Todos;0;Todos;2000;Todos;0;Todos;0;Todos;3;Unidade da federação;26;Pernambuco;47;37;34;20;27;21;28;24;33;28;32;27;358
2020;2020*;1;Óbitos por residência;212559;(X60-X84) Lesões autoprovocadas intencionalmente;1;Notificação de óbitos;1;Número de óbitos;0;Todos;0;Todos;2000;Todos;0;Todos;0;Todos;3;Unidade da federação;27;Alagoas;9;16;13;10;9;14;11;12;6;8;9;8;125
2020;2020*;1;Óbitos por residência;212559;(X60-X84) Lesões autoprovocadas intencionalmente;1;Notificação de óbitos;1;Número de óbitos;0;Todos;0;Todos;2000;Todos;0;Todos;0;Todos;3;Unidade da federação;28;Sergipe;18;14;7;12;9;10;7;10;14;11;11;6;129
2020;2020*;1;Óbitos por residência;212559;(X60-X84) Lesões autoprovocadas intencionalmente;1;Notificação de óbitos;1;Número de óbitos;0;Todos;0;Todos;2000;Todos;0;Todos;0;Todos;3;Unidade da federação;29;Bahia;52;50;58;56;57;60;55;55;58;58;44;51;654
2020;2020*;1;Óbitos por residência;212559;(X60-X84) Lesões autoprovocadas intencionalmente;1;Notificação de óbitos;1;Número de óbitos;0;Todos;0;Todos;2000;Todos;0;Todos;0;Todos;2;Região;3;Sudeste;417;393;405;336;309;307;302;299;356;372;340;304;4140
2020;2020*;1;Óbitos por residência;212559;(X60-X84) Lesões autoprovocadas intencionalmente;1;Notificação de óbitos;1;Número de óbitos;0;Todos;0;Todos;2000;Todos;0;Todos;0;Todos;3;Unidade da federação;31;Minas Gerais;151;135;140;119;92;86;93;94;127;114;113;96;1360
2020;2020*;1;Óbitos por residência;212559;(X60-X84) Lesões autoprovocadas intencionalmente;1;Notificação de óbitos;1;Número de óbitos;0;Todos;0;Todos;2000;Todos;0;Todos;0;Todos;3;Unidade da federação;32;Espírito Santo;16;30;23;13;16;11;10;11;10;16;9;6;171
2020;2020*;1;Óbitos por residência;212559;(X60-X84) Lesões autoprovocadas intencionalmente;1;Notificação de óbitos;1;Número de óbitos;0;Todos;0;Todos;2000;Todos;0;Todos;0;Todos;3;Unidade da federação;33;Rio de Janeiro;30;26;38;26;30;24;23;24;28;25;16;24;314
2020;2020*;1;Óbitos por residência;212559;(X60-X84) Lesões autoprovocadas intencionalmente;1;Notificação de óbitos;1;Número de óbitos;0;Todos;0;Todos;2000;Todos;0;Todos;0;Todos;3;Unidade da federação;35;São Paulo;220;202;204;178;171;186;176;170;191;217;202;178;2295
2020;2020*;1;Óbitos por residência;212559;(X60-X84) Lesões autoprovocadas intencionalmente;1;Notificação de óbitos;1;Número de óbitos;0;Todos;0;Todos;2000;Todos;0;Todos;0;Todos;2;Região;4;Sul;305;271;240;218;219;215;240;239;251;236;278;236;2948
2020;2020*;1;Óbitos por residência;212559;(X60-X84) Lesões autoprovocadas intencionalmente;1;Notificação de óbitos;1;Número de óbitos;0;Todos;0;Todos;2000;Todos;0;Todos;0;Todos;3;Unidade da federação;41;Paraná;87;68;65;58;66;54;69;75;75;58;86;63;824
2020;2020*;1;Óbitos por residência;212559;(X60-X84) Lesões autoprovocadas intencionalmente;1;Notificação de óbitos;1;Número de óbitos;0;Todos;0;Todos;2000;Todos;0;Todos;0;Todos;3;Unidade da federação;42;Santa Catarina;66;68;71;49;40;57;70;53;75;65;60;64;738
2020;2020*;1;Óbitos por residência;212559;(X60-X84) Lesões autoprovocadas intencionalmente;1;Notificação de óbitos;1;Número de óbitos;0;Todos;0;Todos;2000;Todos;0;Todos;0;Todos;3;Unidade da federação;43;Rio Grande do Sul;152;135;104;111;113;104;101;111;101;113;132;109;1386
2020;2020*;1;Óbitos por residência;212559;(X60-X84) Lesões autoprovocadas intencionalmente;1;Notificação de óbitos;1;Número de óbitos;0;Todos;0;Todos;2000;Todos;0;Todos;0;Todos;2;Região;5;Centro-Oeste;100;106;103;84;98;85;90;92;88;97;92;99;1134
2020;2020*;1;Óbitos por residência;212559;(X60-X84) Lesões autoprovocadas intencionalmente;1;Notificação de óbitos;1;Número de óbitos;0;Todos;0;Todos;2000;Todos;0;Todos;0;Todos;3;Unidade da federação;50;Mato Grosso do Sul;16;20;18;22;17;20;20;23;17;20;17;27;237
2020;2020*;1;Óbitos por residência;212559;(X60-X84) Lesões autoprovocadas intencionalmente;1;Notificação de óbitos;1;Número de óbitos;0;Todos;0;Todos;2000;Todos;0;Todos;0;Todos;3;Unidade da federação;51;Mato Grosso;25;19;21;16;25;14;24;23;17;17;21;14;236
2020;2020*;1;Óbitos por residência;212559;(X60-X84) Lesões autoprovocadas intencionalmente;1;Notificação de óbitos;1;Número de óbitos;0;Todos;0;Todos;2000;Todos;0;Todos;0;Todos;3;Unidade da federação;52;Goiás;48;58;47;33;46;35;32;38;45;53;39;47;521
2020;2020*;1;Óbitos por residência;212559;(X60-X84) Lesões autoprovocadas intencionalmente;1;Notificação de óbitos;1;Número de óbitos;0;Todos;0;Todos;2000;Todos;0;Todos;0;Todos;3;Unidade da federação;53;Distrito Federal;11;9;17;13;10;16;14;8;9;7;15;11;140